1 - ‘배고파서’ 배달 외상 요청 10대 임신부, 입금 약속 지켜… 사장 “우리 가게 알바 하기로”
2 - 유튜브 라방·가짜 홈트레이딩에 홀린 초보투자자들…255억 날려
3 - "울고불고 아주, 송혜교 배워라"..박은빈 시상식 태도 지적한 '김갑수의 태도' 논란
4 - 尹, 文 ‘혼밥 8끼’ 들췄다…“이런 외교 결례가 어딨나”
5 - 전세사기 집단 피해 피한 제주.. 1년 선지급 '연세' 문화 영향?
6 - "10분 만에 25억 꽂혔다"‥임창정, 계좌 공개하며 '결백 호소'
7 - [단독] 기시다 오므라이스에…윤대통령 "숯불 불고기 대접"
8 - [궁물받는다] '생명의 끈' 안전벨트, 왜 열차에는 없나요?
9 - [단독] 서울경찰간부 '갑질' 의혹으로 대기발령…"피해자와 분리조치 차원"
10 - ‘세기의 기업 사냥꾼’에 칼 들이댄 ‘세계 최고 공매도 전문가’ [이홍표의 전쟁과 평화]
11 - 김현아 ‘돈봉투 의혹’에 국민의힘, 1년 만에 ‘뒷북 감사’
12 - 文 ‘평산책방’ 개점 일주일 만에 5500권 팔았다…1만명 북적
13 - 尹 "文 중국 방문 때 '혼밥'하게 한 건 외교적 결례"
14 - 대체육, 왜 필요할까… 그냥 고기 먹으면 되지 않나?
15 - “한층 더 업그레이드”…미국 투자이민 ‘리저널 센터 프로젝트’ [미국 비자이야기]
16 - "너희 대통령 노래 잘하더라"…파이 들고 나타난 미국 이웃
17 - "월급 안준 사장님 나빠요"...임금체불 사업주 대출 막는다 
18 - 뉴진스·수지·송혜교도 한 ‘공주머리’, 유행 또 돌아왔다
19 - “엄마 편이야, 아빠 편이야” 묻지 마세요
20 - 카카오게임즈, 2분기 아닌 3분기가 진짜인 이유 [오~컬쳐]
21 - 학교 쓰레기통 열었더니 흑곰이 '불쑥'…놀라 내달린 美교장
22 - Korean victim of Japanese wartime sexual slavery dies
23 - 김기현 “태영호 관련 일련 사건들, 윤리위에 병합 판단 요청”
24 - 임창정, 의혹 하나 추가…세력 美 골프장 계약 동행
25 - JMS 정명석 성폭행 피해자에서 알선자가 된 '신앙스타'들
26 - 日 유명 개그맨, 망원시장서 '위생 테러'…침 묻은 꼬치로 닭강정 쿡
27 - 〈나는 신이다〉 재현은 왜 문제가 되는가?
28 - '눈물로 외상 요청' 미혼모 만난 사장님…더 울컥한 결말
29 - 검찰, 한상혁 불구속 기소… TV조선 재승인 고의감점 관여 혐의
30 - 치료제·백신 없는 '살인 진드기' 올해도 발생.. "치사율 18.7%"
31 - 안민석 "檢 자진 출두? 송영길 다웠다…별명 '황소'처럼 우직한 정치 해온 분"
32 - [단독] 라덕연에 수십억 투자한 정치인도 있었다...북한 여행사 통해 정관계 인사 자금 유치
33 - 국내 엠폭스 확진 대다수 20~40대 남성…"대부분 익명인과 성접촉"
34 - “또 오너리스크?”...셀트리온그룹주, 이번엔 서정진 회장 혼외자 이슈에 약세[오늘, 이 종목]
35 - '큰 손'은 따로 있었네…백화점·병원서 '팍팍' 썼다
36 - 경상적자 계속, '제2 외환위기說'까지…KDI는 "가능성 낮다"
37 - '성+인물' PD 논란 정면돌파 "AV 보는 건 불법 아냐… 신동엽에 죄송"
38 - 尹, 이재명 패싱 박광온 회동 제안?..野, 생각을 좀 하고 정치를 했으면[여의도초대석]
39 - 메스 들고 허벅지 정맥 도려낸 '김 선생'... 그의 정체는 간호사였다
40 - 어린이날 나들이 어쩌나.. 4일밤부터 호우특보 수준 쏟아진다
41 - 정부, 로밍요금제 압박…해외보다 비쌀까? [IT클로즈업]
42 - "선배한테 밥 얻어먹기 최고"… 무지출 챌린지 해봤어? [Z시세]
43 - 연산군의 ‘탕춘대’가 왜 세계유산감일까[이기환의 Hi-story](81)
44 - [속보] "여기서 주님 지켜라" 정명석 성폭행 도운 JMS 2인자 구속기소
45 - 1년 만에 론칭? 리버버스 졸속과 땜빵 사이 [視리즈]
46 - “내 밭은 내가 살린다”…지뢰밭 뛰어든 우크라이나 농부
47 - BTS' Suga hits No. 2 on Billboard 200
48 - 외상 부탁한 임신부, 입금 약속 지키자...알바 자리 준 식당 사장
49 - "베트남 애들 10명 중 1명 X한다"…'혐오 발언' 거제시의원 뒤늦게 사과
50 - 수도권 120mm·제주 150mm…어린이날 연휴 ‘비폭탄’ [오늘 이슈]
51 - 경기 회복이냐 시장 안정이냐…전세사기에 정책도 '우왕좌왕'
52 - "BTS 정국 모자 1000만원에 판매"… 전 외교부 직원 벌금 100만 원
53 - 수사 협조 하겠다던 송영길, 초기화된 휴대전화 검찰에 제출
54 - [단독] 새 아파트 입주하니… 벽엔 칼자국, 욕조엔 대변
55 - 맨발·기저귀 차림 도로 해매던 어린 남매…대체 무슨 일
56 - 윤 정부 출범 이후 한국 언론자유 4계단 추락해 세계 47위
57 - 尹, 中에 태도 변화 요구…첨단과기는 "현장이 중요"
58 - 'AI 대부'는 왜 갑자기 구글을 떠났을까
59 - “안철수보다 윤석열이 먼저 손 내밀었다” [+영상]
60 - 송영길, 초기화된 휴대전화 검찰에 제출
61 - 세계 최초 누워가는 '비행기 침대칸' 나온다…가격 얼마?
62 - “美·日·中  로봇 산업 성장 비결은 정부 투자”
63 - “사는 게 행복하더라” 임영웅을 사랑하는 이들
64 - 은평구 전세사기 '근생빌라 폭탄 터졌다'
65 - [속보]"독재 정권에 억울한 사람들 구속"…분신 노조 간부 유서 추가 공개
66 - 文 ‘평산책방’ 오픈 일주일 만에 5500권 팔았다…1만명 ‘북적’
67 - 중년이 꼭 살펴야 할 눈병 2가지, 좋은 음식은?
68 - "BTS 정국 모자 1000만원에 팝니다"…前 외교부 직원, 벌금 100만원
69 - 日개그맨, 한국 시장서 닭강정에 '침 테러'…日 발칵 뒤집혔다
70 - KDI, 경상수지 흑자전망 160억 달러로 낮춰…“외환위기 가능성 작다”
71 - 민주당 "기시다 방한, 얼마나 퍼줄지 걱정... 과거사 사죄 받아내야"
72 - [영상+] "마음이 아프신가요?" 국립 김천 치유의 숲
73 - "마약 한 적 없다. 매매는 진심" 코인 유튜버 박호두, 경찰 출석
74 - “BTS 정국 모자 1000만원에 판매” 전 외교부 직원, 벌금 100만원
75 - 서정진 '혼외 자녀' 친모 회사 2곳 계열사로 추가… 셀트리온 ‘오너리스크’
76 - [Man&Wall] 선수도 힘든 5.14급 루트 끝낸 하하시스터즈
77 - 자산 7조대 '3위 부자' 서정진…혼외 두 딸 상속분 2조 넘을 듯
78 - "여보세력 나야" 풍자한 유튜버에…임창정, 경고장 날렸다
79 - 윤석열 정부 1년 언론자유지수 후퇴 "한국 언론, 정부 압력 직면"
80 - 창원 도심 미군 사격장 건설 추진에 주민 항의 빗발…국방부 '기존 시설 개선' 해명(종합)
81 - 뷰티 유튜버 효진조 "나도 10년 전 JMS에 속을 뻔"
82 - 이번엔 진안…‘개 100마리 불법 번식장’ 운영자 적발
1 - 尹 "文 중국 방문 때 8번 '혼밥'하게 한 건 외교적 결례"
2 - 이재현 부사장, 삼성증권 'IB 존재감' 다시 살린다 [Vault@Market]
3 - 잠옷 건네며 “주님 지키며 자라”…정명석 감옥 출소는 ‘주님의 부활’, 조력자 8명 기소
4 - 은평구 전세사기 '근생빌라 폭탄 터졌다'
5 - 〈나는 신이다〉 재현은 왜 문제가 되는가?
6 - ‘세기의 기업 사냥꾼’에 칼 들이댄 ‘세계 최고 공매도 전문가’ [이홍표의 전쟁과 평화]
7 - “안철수보다 윤석열이 먼저 손 내밀었다” [+영상]
8 - 지지율 50% 돌파 기시다 총리, 이번엔 韓 여론 달래기?
9 - "BTS 정국 모자 1000만원에 팝니다"…前 외교부 직원, 벌금 100만원
10 - 경상적자 계속, '제2 외환위기說'까지…KDI는 "가능성 낮다"
11 - 외상 부탁한 임신부, 입금 약속 지키자...알바 자리 준 식당 사장
12 - "선배한테 밥 얻어먹기 최고"… 무지출 챌린지 해봤어? [Z시세]
13 - “사는 게 행복하더라” 임영웅을 사랑하는 이들
14 - 尹, 文 ‘혼밥 8끼’ 들췄다…“이런 외교 결례가 어딨나”
15 - "너희 대통령 노래 잘하더라"…파이 들고 나타난 미국 이웃
16 - 자산 7조대 '3위 부자' 서정진…혼외 두 딸 상속분 2조 넘을 듯
17 - 건설노동자 분신에 국제사회 "윤 대통령, 히틀러·두테르테 급"
18 - Korean victim of Japanese wartime sexual slavery dies
19 - 백윤식, 30세 연하 전 연인에 일부 승소…"자서전 내용 삭제하라"
20 - 임창정, 의혹 하나 추가…세력 美 골프장 계약 동행
21 - "외로움, 사망·질병 가능성 크게 높여".. 하루 담배 15개비 피운 만큼 해롭다
22 - [궁물받는다] '생명의 끈' 안전벨트, 왜 열차에는 없나요?
23 - '큰 손'은 따로 있었네…백화점·병원서 '팍팍' 썼다
24 - [단독] 기시다 오므라이스에…윤대통령 "숯불 불고기 대접"
25 - 윤 정부 출범 이후 한국 언론자유 4계단 추락해 세계 47위
26 - 검찰, 한상혁 불구속 기소… TV조선 재승인 고의감점 관여 혐의
27 - 서정진 '혼외 자녀' 친모 회사 2곳 계열사로 추가… 셀트리온 ‘오너리스크’
28 - [속보] "여기서 주님 지켜라" 정명석 성폭행 도운 JMS 2인자 구속기소
29 - 연산군의 ‘탕춘대’가 왜 세계유산감일까[이기환의 Hi-story](81)
30 - 요요 없이 살 빼는 다이어트 습관은?
31 - 국힘 청년정책 1호가 토익 유효기간 연장이라고?
32 - 대체육, 왜 필요할까… 그냥 고기 먹으면 되지 않나?
33 - [단독] 새 아파트 입주하니… 벽엔 칼자국, 욕조엔 대변
34 - 尹, 이재명 패싱 박광온 회동 제안?..野, 생각을 좀 하고 정치를 했으면[여의도초대석]
35 - "10분 만에 25억 꽂혔다"‥임창정, 계좌 공개하며 '결백 호소'
36 - “내 밭은 내가 살린다”…지뢰밭 뛰어든 우크라이나 농부
37 - 불매운동 조짐에 난처한 키움증권 “더 나쁜 건 주가조작 세력인데...”
38 - 유튜브 라방·가짜 홈트레이딩에 홀린 초보투자자들…255억 날려
39 - "타이완서 숨진 여친…짐부터 한국에 보낸 남친은 묵묵부답"
40 - [영상+] "마음이 아프신가요?" 국립 김천 치유의 숲
41 - 태안 여중생 학교폭력 영상 온라인 유포…경찰 수사
42 - 文 ‘평산책방’ 오픈 일주일 만에 5500권 팔았다…1만명 ‘북적’
43 - 문전성시 '평산책방', 개점 일주일만에 방문객 1만여명...5500권 판매
44 - ‘작전명 스펙터’ 9國 연합 마약전쟁... 850㎏·700억원 압수했다
45 - “엄마 편이야, 아빠 편이야” 묻지 마세요
46 - '이코노미 승객도 침대에 누워서 간다'...항공료 얼마?
47 - [속보]"독재 정권에 억울한 사람들 구속"…분신 노조 간부 유서 추가 공개
48 - “한층 더 업그레이드”…미국 투자이민 ‘리저널 센터 프로젝트’ [미국 비자이야기]
49 - "여보세력 나야" 패러디 유튜버에…임창정, 경고장 날렸다
50 - "박은빈, 30살 먹고 시상식서 울고불고…" 김갑수 '막말' 논란
51 - "마약 한 적 없다. 매매는 진심" 코인 유튜버 박호두, 경찰 출석
52 - ‘배고파서’ 배달 외상 요청 10대 임신부, 입금 약속 지켜… 사장 “우리 가게 알바 하기로”
53 - “BTS 정국 모자 1000만원에 판매” 전 외교부 직원, 벌금 100만원
54 - "BTS 정국 모자 1000만원에 판매"… 전 외교부 직원 벌금 100만 원
55 - "울고불고 아주, 송혜교 배워라"..박은빈 시상식 태도 지적한 '김갑수의 태도' 논란
56 - 日개그맨, 한국 시장서 닭강정에 '침 테러'…日 발칵 뒤집혔다
57 - 전세사기 집단 피해 피한 제주.. 1년 선지급 '연세' 문화 영향?
58 - 文 ‘평산책방’ 개점 일주일 만에 5500권 팔았다…1만명 북적
59 - 이번엔 진안…‘개 100마리 불법 번식장’ 운영자 적발
60 - "베트남 애들 10명 중 1명 X한다"…'혐오 발언' 거제시의원 뒤늦게 사과
61 - 윤석열 정부 1년 언론자유지수 후퇴 "한국 언론, 정부 압력 직면"
62 - 尹, 中에 태도 변화 요구…첨단과기는 "현장이 중요"
63 - [Man&Wall] 선수도 힘든 5.14급 루트 끝낸 하하시스터즈
64 - KDI, 경상수지 흑자전망 160억 달러로 낮춰…“외환위기 가능성 작다”
65 - 1년 만에 론칭? 리버버스 졸속과 땜빵 사이 [視리즈]
66 - 맨발·기저귀 차림 도로 해매던 어린 남매…대체 무슨 일
67 - 뷰티 유튜버 효진조 "나도 10년 전 JMS에 속을 뻔"
68 - [현장영상+] 태영호 "녹취록, 회의 참석자가 불순한 의도로 유출한 것"
69 - “뛰어놀고 싶은데…” 비바람 몰아치는 어린이 날
70 - JMS 정명석 성폭행 피해자에서 알선자가 된 '신앙스타'들
71 - BTS' Suga hits No. 2 on Billboard 200
72 - [속보] 태영호 "이진복과 공천 대화 없었다…후원금 문제 당당"
73 - 김현아 ‘돈봉투 의혹’에 국민의힘, 1년 만에 ‘뒷북 감사’
74 - “美·日·中  로봇 산업 성장 비결은 정부 투자”
75 - 국내 엠폭스 확진 대다수 20~40대 남성…"대부분 익명인과 성접촉"
76 - 정부, 로밍요금제 압박…해외보다 비쌀까? [IT클로즈업]
77 - “또 오너리스크?”...셀트리온그룹주, 이번엔 서정진 회장 혼외자 이슈에 약세[오늘, 이 종목]
78 - 日 유명 개그맨, 망원시장서 '위생 테러'…침 묻은 꼬치로 닭강정 쿡
79 - 'AI 대부'는 왜 갑자기 구글을 떠났을까
80 - 메스 들고 허벅지 정맥 도려낸 '김 선생'... 그의 정체는 간호사였다
81 - 어린이날 나들이 어쩌나.. 4일밤부터 호우특보 수준 쏟아진다
82 - '성+인물' PD 논란 정면돌파 "AV 보는 건 불법 아냐… 신동엽에 죄송"
